{"cameraMode":{"drawMode":0,"name":"Shaded","section":"Shading Mode"},"sceneLighting":false,"audioPlay":false,"sceneViewState":{"showFog":true,"showMaterialUpdate":false,"showSkybox":false,"showFlares":true,"showImageEffects":true,"showParticleSystems":true,"showVisualEffectGraphs":true,"m_FxEnabled":true},"in2DMode":false,"pivot":{"x":3.6458654403686525,"y":0.7117581367492676,"z":-140.12855529785157},"rotation":{"x":-0.10818365961313248,"y":0.8629440069198608,"z":-0.20871758460998536,"w":-0.44728487730026247},"size":0.9421555399894714,"orthographic":false}