{"cameraMode":{"drawMode":0,"name":"Shaded","section":"Shading Mode"},"sceneLighting":false,"audioPlay":false,"sceneViewState":{"showFog":true,"showMaterialUpdate":false,"showSkybox":false,"showFlares":true,"showImageEffects":true,"showParticleSystems":true,"showVisualEffectGraphs":true,"m_FxEnabled":true},"in2DMode":false,"pivot":{"x":0.7403614521026611,"y":0.7117586135864258,"z":-138.2281036376953},"rotation":{"x":-0.12618660926818849,"y":0.10307617485523224,"z":-0.013181658461689949,"w":-0.9866031408309937},"size":0.9421554207801819,"orthographic":false}