{"cameraMode":{"drawMode":0,"name":"Shaded","section":"Shading Mode"},"sceneLighting":false,"audioPlay":false,"sceneViewState":{"showFog":true,"showMaterialUpdate":false,"showSkybox":false,"showFlares":true,"showImageEffects":true,"showParticleSystems":true,"showVisualEffectGraphs":true,"m_FxEnabled":true},"in2DMode":false,"pivot":{"x":17.716167449951173,"y":17.228485107421876,"z":125.26596069335938},"rotation":{"x":0.015826156362891198,"y":-0.14742381870746613,"z":0.001669799443334341,"w":0.9892287850379944},"size":11.059403419494629,"orthographic":false}