{"cameraMode":{"drawMode":0,"name":"Shaded","section":"Shading Mode"},"sceneLighting":false,"audioPlay":false,"sceneViewState":{"showFog":true,"showMaterialUpdate":false,"showSkybox":false,"showFlares":true,"showImageEffects":true,"showParticleSystems":true,"showVisualEffectGraphs":true,"m_FxEnabled":true},"in2DMode":false,"pivot":{"x":-6.866915702819824,"y":17.788484573364259,"z":94.34596252441406},"rotation":{"x":0.39484772086143496,"y":-0.023212220519781114,"z":0.009137689135968686,"w":0.9187144637107849},"size":7.6706132888793949,"orthographic":false}