{"cameraMode":{"drawMode":0,"name":"Shaded","section":"Shading Mode"},"sceneLighting":true,"audioPlay":false,"sceneViewState":{"showFog":true,"showMaterialUpdate":false,"showSkybox":true,"showFlares":true,"showImageEffects":true,"showParticleSystems":true,"showVisualEffectGraphs":true,"m_FxEnabled":true},"in2DMode":false,"pivot":{"x":0.7020000219345093,"y":3.7800002098083498,"z":-154.4300079345703},"rotation":{"x":-0.24411652982234956,"y":0.047985490411520007,"z":-0.012112692929804325,"w":-0.9685192704200745},"size":0.9333797097206116,"orthographic":false}