{"cameraMode":{"drawMode":0,"name":"Shaded","section":"Shading Mode"},"sceneLighting":true,"audioPlay":false,"sceneViewState":{"showFog":true,"showMaterialUpdate":false,"showSkybox":true,"showFlares":true,"showImageEffects":true,"showParticleSystems":true,"showVisualEffectGraphs":true,"m_FxEnabled":true},"in2DMode":false,"pivot":{"x":1.319000005722046,"y":1.5579999685287476,"z":-142.01499938964845},"rotation":{"x":0.1685585230588913,"y":-0.18896202743053437,"z":0.03255661949515343,"w":0.9669777750968933},"size":1.3600537776947022,"orthographic":false}