{"cameraMode":{"drawMode":0,"name":"Shaded","section":"Shading Mode"},"sceneLighting":false,"audioPlay":false,"sceneViewState":{"showFog":true,"showMaterialUpdate":false,"showSkybox":false,"showFlares":true,"showImageEffects":true,"showParticleSystems":true,"showVisualEffectGraphs":true,"m_FxEnabled":true},"in2DMode":false,"pivot":{"x":0.7403614521026611,"y":0.7117586135864258,"z":-138.2281036376953},"rotation":{"x":0.17174576222896577,"y":-0.43001556396484377,"z":0.08323471248149872,"w":0.8825427889823914},"size":0.9421554207801819,"orthographic":false}