{"cameraMode":{"drawMode":0,"name":"Shaded","section":"Shading Mode"},"sceneLighting":false,"audioPlay":false,"sceneViewState":{"showFog":true,"showMaterialUpdate":false,"showSkybox":false,"showFlares":true,"showImageEffects":true,"showParticleSystems":true,"showVisualEffectGraphs":true,"m_FxEnabled":true},"in2DMode":false,"pivot":{"x":3.6458654403686525,"y":0.7117581367492676,"z":-140.12855529785157},"rotation":{"x":-0.08788233250379563,"y":-0.14640022814273835,"z":0.014134311117231846,"w":-0.9853796362876892},"size":1.2421555519104005,"orthographic":false}