{"cameraMode":{"drawMode":0,"name":"Shaded","section":"Shading Mode"},"sceneLighting":false,"audioPlay":false,"sceneViewState":{"showFog":true,"showMaterialUpdate":false,"showSkybox":false,"showFlares":true,"showImageEffects":true,"showParticleSystems":true,"showVisualEffectGraphs":true,"m_FxEnabled":true},"in2DMode":false,"pivot":{"x":3.6458654403686525,"y":0.7117581367492676,"z":-140.12855529785157},"rotation":{"x":0.062229424715042117,"y":-0.08532737195491791,"z":0.0043950690887868408,"w":0.9945507049560547},"size":0.9421555399894714,"orthographic":false}