{"cameraMode":{"drawMode":0,"name":"Shaded","section":"Shading Mode"},"sceneLighting":false,"audioPlay":false,"sceneViewState":{"showFog":true,"showMaterialUpdate":false,"showSkybox":false,"showFlares":true,"showImageEffects":true,"showParticleSystems":true,"showVisualEffectGraphs":true,"m_FxEnabled":true},"in2DMode":false,"pivot":{"x":0.7020000219345093,"y":1.1649999618530274,"z":-142.74000549316407},"rotation":{"x":0.000339708523824811,"y":0.9996035099029541,"z":-0.013804973103106022,"w":0.024595944210886956},"size":1.0203908681869507,"orthographic":false}