{"cameraMode":{"drawMode":0,"name":"Shaded","section":"Shading Mode"},"sceneLighting":false,"audioPlay":false,"sceneViewState":{"showFog":true,"showMaterialUpdate":false,"showSkybox":false,"showFlares":true,"showImageEffects":true,"showParticleSystems":true,"showVisualEffectGraphs":true,"m_FxEnabled":true},"in2DMode":false,"pivot":{"x":4.3010053634643559,"y":1.0069831609725953,"z":-132.98257446289063},"rotation":{"x":-0.09703415632247925,"y":0.13601306080818177,"z":-0.013385631144046784,"w":-0.9858616590499878},"size":15.736651420593262,"orthographic":false}