{"cameraMode":{"drawMode":0,"name":"Shaded","section":"Shading Mode"},"sceneLighting":false,"audioPlay":false,"sceneViewState":{"showFog":true,"showMaterialUpdate":false,"showSkybox":false,"showFlares":true,"showImageEffects":true,"showParticleSystems":true,"showVisualEffectGraphs":true,"m_FxEnabled":true},"in2DMode":false,"pivot":{"x":-3.8500003814697267,"y":19.170000076293947,"z":221.1999969482422},"rotation":{"x":-0.05921055004000664,"y":-0.23039011657238007,"z":-0.014135219156742096,"w":0.9713587760925293},"size":11.059403419494629,"orthographic":false}